"myfiles","mean"
"net1.dt.0.p.0.75.L1.0.006.L2.2e-04.n.100.time.2015Dec21_225505.csv",1.99810152006203
"net1.dt.0.p.0.8.L1.0.006.L2.2e-04.n.100.time.2015Dec21_223753.csv",4.60909599083904
"net1.dt.0.p.0.85.L1.0.006.L2.2e-04.n.100.time.2015Dec21_223459.csv",8.59472840994537
"net1.dt.0.p.0.9.L1.0.006.L2.2e-04.n.100.time.2015Dec21_223354.csv",13.1583317328627
"net1.dt.0.p.0.95.L1.0.006.L2.2e-04.n.100.time.2015Dec21_223317.csv",21.5850780443809
"net1.dt.0.p.1.L1.0.006.L2.2e-04.n.100.time.2015Dec21_223241.csv",28.886444434951
