"myfiles","mean"
"net1.dt.0.p.0.85.L1.0.006.L2.2e-04.n.2000.time.2015Dec30_235311.csv",8.1407764408892
"net1.dt.0.p.0.9.L1.0.006.L2.2e-04.n.2000.time.2015Dec30_234654.csv",13.4090017584169
"net1.dt.0.p.0.95.L1.0.006.L2.2e-04.n.2000.time.2015Dec30_234544.csv",21.4083210435517
"net1.dt.0.p.1.L1.0.006.L2.2e-04.n.2000.time.2015Dec30_234541.csv",29.224134546586
