"myfiles","mean"
"net1.dt.5.p.0.75.L1.0.002.L2.2e-04.n.100.time.2015Dec16_161113.csv",846.213039911185
"net1.dt.5.p.0.8.L1.0.002.L2.2e-04.n.100.time.2015Dec16_161040.csv",864.441669263749
"net1.dt.5.p.0.85.L1.0.002.L2.2e-04.n.100.time.2015Dec16_161009.csv",922.265442319308
"net1.dt.5.p.0.9.L1.0.002.L2.2e-04.n.100.time.2015Dec16_160936.csv",911.103889677593
"net1.dt.5.p.0.95.L1.0.002.L2.2e-04.n.100.time.2015Dec16_160904.csv",865.72339562213
"net1.dt.5.p.1.L1.0.002.L2.2e-04.n.100.time.2015Dec16_160832.csv",876.501788630422
