"myfiles","mean"
"net1.dt.5.p.0.75.L1.0.002.L2.2e-04.n.1000.time.2015Dec16_123752.csv",433.930152468102
"net1.dt.5.p.0.8.L1.0.002.L2.2e-04.n.1000.time.2015Dec16_123615.csv",469.911599060531
"net1.dt.5.p.0.85.L1.0.002.L2.2e-04.n.1000.time.2015Dec16_123439.csv",495.263791106758
"net1.dt.5.p.0.9.L1.0.002.L2.2e-04.n.1000.time.2015Dec16_123256.csv",527.148903261387
"net1.dt.5.p.0.95.L1.0.002.L2.2e-04.n.1000.time.2015Dec16_123118.csv",541.316055000019
"net1.dt.5.p.1.L1.0.002.L2.2e-04.n.1000.time.2015Dec16_122939.csv",569.437824988455
